time_s,altitude_km,velocity_km_s
363.9,137.16,7.59
364.6,135.64,7.59
365.4,134.11,7.59
366.2,132.59,7.59
366.9,131.06,7.59
367.7,129.54,7.59
368.4,128.02,7.59
369.3,126.49,7.59
370.0,124.97,7.59
370.8,123.44,7.59
371.6,121.92,7.59
372.3,120.40,7.62
373.1,118.87,7.62
373.8,117.35,7.62
374.7,115.82,7.62
375.4,114.30,7.62
376.2,112.78,7.62
376.9,111.25,7.62
377.7,109.73,7.62
378.5,108.20,7.62
379.3,106.68,7.62
380.1,105.16,7.62
380.9,103.63,7.62
381.6,102.11,7.62
382.3,100.58,7.62
383.1,99.06,7.62
383.8,97.54,7.65
384.7,96.01,7.65
385.4,94.49,7.65
386.2,92.96,7.65
386.9,91.44,7.65
387.7,89.92,7.65
388.5,88.39,7.65
389.3,86.87,7.65
390.0,85.34,7.65
390.8,83.82,7.65
391.6,82.30,7.65
392.3,80.77,7.65
393.1,79.25,7.65
393.8,77.72,7.65
394.7,76.20,7.65
395.4,74.68,7.65
396.2,73.15,7.65
396.9,71.63,7.65
397.7,70.10,7.65
398.4,68.58,7.65
399.3,67.06,7.65
400.0,65.53,7.65
400.8,64.01,7.65
401.6,62.48,7.65
402.3,60.96,7.65
403.1,59.44,7.65
403.8,57.91,7.65
404.7,56.39,7.65
405.4,54.86,7.65
406.2,53.34,7.62
406.9,51.82,7.62
407.8,50.29,7.62
408.5,48.77,7.59
409.3,47.24,7.59
410.1,45.72,7.56
410.8,44.20,7.53
411.7,42.67,7.47
412.4,41.15,7.44
413.2,39.62,7.38
414.0,38.10,7.32
414.8,36.58,7.22
415.7,35.05,7.10
416.5,33.53,6.95
417.3,32.00,6.80
418.3,30.48,6.55
419.2,28.96,6.31
420.1,27.43,6.00
421.1,25.91,5.61
422.2,24.38,5.12
423.3,22.86,4.60
424.8,21.34,3.93
426.3,19.81,3.29
428.3,18.29,2.56
430.8,16.76,1.86
434.1,15.24,1.28
438.9,13.72,0.76
446.2,12.19,0.39
