V_kV,I_uncorrected_A_per_m,I_corrected_A_per_m
-0.5,3.14,1.756
-0.75,3.18,1.776
-1.0,3.335,1.858
-1.25,3.481,1.941
-1.5,3.627,2.019
-1.75,3.754,2.097
-2.0,3.895,2.179
-2.25,4.033,2.266
-2.5,4.171,2.348
-2.75,4.295,2.431
-3.0,4.414,2.51
-3.25,4.543,2.601
-3.5,4.657,2.702
-3.75,4.783,2.802
-4.0,4.917,2.909
-4.25,5.069,3.032
-4.5,5.246,3.164
-4.75,5.434,3.32
-5.0,5.678,3.474
-5.25,5.933,3.66
-5.5,6.242,4.003
-5.75,6.594,4.228
-6.0,6.964,4.331
-6.25,7.336,4.496
-6.5,7.638,4.714
-6.75,7.936,4.993
-7.0,8.238,5.362
-7.25,8.703,5.742
-7.5,10.0,6.0
