y_m,n_e_m3,T_gas_K
0.0,4.550e+16,1400
0.0005,9.642e+16,3030
0.0010,1.297e+17,4046
0.0015,1.493e+17,4789
0.0020,1.645e+17,5403
0.0025,1.772e+17,5900
0.0030,1.908e+17,6316
0.0035,2.005e+17,6678
0.0040,2.107e+17,6975
0.0045,2.160e+17,7238
0.0050,2.214e+17,7454
0.0055,2.269e+17,7645
0.0060,2.326e+17,7789
0.0065,2.326e+17,7915
0.0070,2.384e+17,8023
0.0075,2.384e+17,8096
0.0080,2.329e+17,8164
0.0085,2.326e+17,8200
0.0090,2.326e+17,8236
0.0095,2.269e+17,8236
0.0100,2.214e+17,8236
0.0105,2.160e+17,8218
0.0110,2.107e+17,8182
0.0115,2.005e+17,8130
0.0120,1.937e+17,8077
0.0125,1.862e+17,8018
0.0130,1.772e+17,7932
0.0135,1.645e+17,7843
0.0140,1.561e+17,7745
0.0145,1.454e+17,7636
0.0150,1.350e+17,7518
0.0155,1.248e+17,7392
0.0160,1.136e+17,7255
0.0165,1.029e+17,7121
0.0170,9.266e+16,6977
0.0175,8.251e+16,6813
0.0180,7.277e+16,6651
0.0185,6.386e+16,6491
0.0190,5.550e+16,6327
0.0195,4.704e+16,6163
0.0200,4.021e+16,6000
0.0205,3.380e+16,5837
0.0210,2.775e+16,5691
0.0215,2.256e+16,5530
0.0220,1.776e+16,5386
0.0225,1.398e+16,5215
0.0230,1.100e+16,5087
0.0235,8.241e+15,4972
0.0240,6.204e+15,4869
0.0245,4.508e+15,4755
0.0250,3.365e+15,4668
0.0255,2.351e+15,4587
0.0260,1.614e+15,4531
0.0265,1.160e+15,4409
0.0270,7.550e+14,4273
0.0275,4.797e+14,4200
0.0280,2.880e+14,4200
0.0285,1.371e+14,4200
0.0290,6.682e+13,4200
0.0295,3.425e+13,4200
0.0300,1.588e+13,4200
